Year,Quarter,Date,fertility_control_facilities_per_capita,perceived_life_expectancy,delayed_industrial_output_per_capita,desired_completed_family_size,maximum_total_fertility,fecundity_multiplier,population,total_fertility,deaths,Population_0_To_14,Population_15_To_44,Population_45_To_64,Population_65_Plus,food,industrial_output,fraction_of_industrial_output_allocated_to_services_1,Persistent_Pollution,Nonrenewable_Resources,Industrial_Capital,Arable_Land,life_expectancy,inflation,GDP_per_capita
1900,1,1900Q1,0.0887,28.0437,41.5625,3.3545,6.7305,0.5609,1600000000,5.27,54240000,650000000,700000000,190000000,60000000,4.31E+11,66500000000,0.108574,25000000,1.00E+12,4.54E+07,504114270.2,32,,213.7
1900,2,1900Q2,,,,,,,,,,,,,,,,,,,,,,,
1900,3,1900Q3,0.0887,28.0437,41.5625,3.3594,6.8026,0.5669,,,,,,,,,,,,,,,,,
1900,4,1900Q4,,,,,,,,,,,,,,,,,,,,,,,
1901,1,1901Q1,0.0887,28.0437,41.5625,3.5168,6.7913,0.5659,,,,,,,,,,,,9.99E+11,,,,,
1901,2,1901Q2,,,,,,,,,,,,,,,,,,,,,,,
1901,3,1901Q3,0.0887,28.0437,41.5625,3.634,6.7862,0.5655,,,,,,,,,,,,,,,,,
1901,4,1901Q4,,,,,,,,,,,,,,,,,,,,,,,
1902,1,1902Q1,0.0887,28.0438,41.5625,3.7206,6.7847,0.5654,,,,,,,,,,,,9.99E+11,,,,,
1902,2,1902Q2,,,,,,,,,,,,,,,,,,,,,,,
1902,3,1902Q3,0.0887,28.0441,41.5629,3.7841,6.7853,0.5654,,,,,,,,,,,,,,,,,
1902,4,1902Q4,,,,,,,,,,,,,,,,,,,,,,,
1903,1,1903Q1,0.0887,28.0447,41.5644,3.8302,6.7871,0.5656,,,,,,,,,,,,9.99E+11,,,,,
1903,2,1903Q2,,,,,,,,,,,,,,,,,,,,,,,
1903,3,1903Q3,0.0886,28.0456,41.5678,3.8634,6.7896,0.5658,,,,,,,,,,,,,,,,,
1903,4,1903Q4,,,,,,,,,,,,,,,,,,,,,,,
1904,1,1904Q1,0.0886,28.0468,41.5741,3.887,6.7924,0.566,,,,,,,,,,,,9.98E+11,,,,,
1904,2,1904Q2,,,,,,,,,,,,,,,,,,,,,,,
1904,3,1904Q3,0.0884,28.0483,41.5841,3.9034,6.7955,0.5663,,,,,,,,,,,,,,,,,
1904,4,1904Q4,,,,,,,,,,,,,,,,,,,,,,,
1905,1,1905Q1,0.0883,28.0501,41.5991,3.9138,6.7988,0.5666,,,,,,,,,,,,9.98E+11,,,,,
1905,2,1905Q2,,,,,,,,,,,,,,,,,,,,,,,
1905,3,1905Q3,0.0881,28.0523,41.62,3.9177,6.8022,0.5668,,,,,,,,,,,,,,,,,
1905,4,1905Q4,,,,,,,,,,,,,,,,,,,,,,,
1906,1,1906Q1,0.0878,28.0548,41.6478,3.92,6.8056,0.5671,,,,,,,,,,,,9.97E+11,,,,,
1906,2,1906Q2,,,,,,,,,,,,,,,,,,,,,,,
1906,3,1906Q3,0.0875,28.0577,41.6834,3.9212,6.8093,0.5674,,,,,,,,,,,,,,,,,
1906,4,1906Q4,,,,,,,,,,,,,,,,,,,,,,,
1907,1,1907Q1,0.0871,28.0609,41.7277,3.9215,6.813,0.5678,,,,,,,,,,,,9.96E+11,,,,,
1907,2,1907Q2,,,,,,,,,,,,,,,,,,,,,,,
1907,3,1907Q3,0.0867,28.0645,41.7816,3.9213,6.8169,0.5681,,,,,,,,,,,,,,,,,
1907,4,1907Q4,,,,,,,,,,,,,,,,,,,,,,,
1908,1,1908Q1,0.0862,28.0684,41.8457,3.9208,6.821,0.5684,,,,,,,,,,,,9.95E+11,,,,,
1908,2,1908Q2,,,,,,,,,,,,,,,,,,,,,,,
1908,3,1908Q3,0.0857,28.0727,41.9208,3.92,6.8253,0.5688,,,,,,,,,,,,,,,,,
1908,4,1908Q4,,,,,,,,,,,,,,,,,,,,,,,
1909,1,1909Q1,0.0851,28.0773,42.0075,3.9191,6.8297,0.5691,,,,,,,,,,,,9.94E+11,,,,,
1909,2,1909Q2,,,,,,,,,,,,,,,,,,,,,,,
1909,3,1909Q3,0.0845,28.0823,42.1063,3.9181,6.8344,0.5695,,,,,,,,,,,,,,,,,
1909,4,1909Q4,,,,,,,,,,,,,,,,,,,,,,,
1910,1,1910Q1,0.0838,28.0876,42.2178,3.9172,6.8392,0.5699,,,,,,,,,,,,9.93E+11,,,,,
1910,2,1910Q2,,,,,,,,,,,,,,,,,,,,,,,
1910,3,1910Q3,0.0831,28.0932,42.3422,3.9162,6.8442,0.5703,,,,,,,,,,,,,,,,,
1910,4,1910Q4,,,,,,,,,,,,,,,,,,,,,,,
1911,1,1911Q1,0.0824,28.0992,42.4802,3.9153,6.8494,0.5708,,,,,,,,,,,,9.92E+11,,,,,
1911,2,1911Q2,,,,,,,,,,,,,,,,,,,,,,,
1911,3,1911Q3,0.0816,28.1056,42.6318,3.9145,6.8548,0.5712,,,,,,,,,,,,,,,,,
1911,4,1911Q4,,,,,,,,,,,,,,,,,,,,,,,
1912,1,1912Q1,0.0808,28.1123,42.7975,3.9137,6.8603,0.5717,,,,,,,,,,,,9.92E+11,,,,,
1912,2,1912Q2,,,,,,,,,,,,,,,,,,,,,,,
1912,3,1912Q3,0.08,28.1193,42.9774,3.913,6.8661,0.5722,,,,,,,,,,,,,,,,,
1912,4,1912Q4,,,,,,,,,,,,,,,,,,,,,,,
1913,1,1913Q1,0.0792,28.1267,43.1718,3.9124,6.8722,0.5727,,,,,,,,,,,,9.91E+11,,,34.1,,
1913,2,1913Q2,,,,,,,,,,,,,,,,,,,,,,,
1913,3,1913Q3,0.0784,28.1344,43.3808,3.9118,6.8788,0.5732,,,,,,,,,,,,,,,,,
1913,4,1913Q4,,,,,,,,,,,,,,,,,,,,,,,
1914,1,1914Q1,0.0776,28.1425,43.6044,3.9113,6.8858,0.5738,,,,,,,,,,,,9.90E+11,,,,,
1914,2,1914Q2,,,,,,,,,,,,,,,,,,,,,,,
1914,3,1914Q3,0.0768,28.1509,43.8429,3.9109,6.893,0.5744,,,,,,,,,,,,,,,,,
1914,4,1914Q4,,,,,,,,,,,,,,,,,,,,,,,
1915,1,1915Q1,0.076,28.1597,44.0962,3.9105,6.9003,0.575,,,,,,,,,,,,9.89E+11,,,,,
1915,2,1915Q2,,,,,,,,,,,,,,,,,,,,,,,
1915,3,1915Q3,0.0752,28.1689,44.3645,3.9102,6.9079,0.5757,,,,,,,,,,,,,,,,,
1915,4,1915Q4,,,,,,,,,,,,,,,,,,,,,,,
1916,1,1916Q1,0.0744,28.1784,44.6476,3.9099,6.9156,0.5763,,,,,,,,,,,,9.88E+11,,,,,
1916,2,1916Q2,,,,,,,,,,,,,,,,,,,,,,,
1916,3,1916Q3,0.0737,28.1883,44.9457,3.9096,6.9234,0.577,,,,,,,,,,,,,,,,,
1916,4,1916Q4,,,,,,,,,,,,,,,,,,,,,,,
1917,1,1917Q1,0.0729,28.1987,45.2587,3.9092,6.9313,0.5776,,,,,,,,,,,,9.88E+11,,,,,
1917,2,1917Q2,,,,,,,,,,,,,,,,,,,,,,,
1917,3,1917Q3,0.0722,28.2094,45.5866,3.9088,6.9394,0.5783,,,,,,,,,,,,,,,,,
1917,4,1917Q4,,,,,,,,,,,,,,,,,,,,,,,
1918,1,1918Q1,0.0715,28.2206,45.9293,3.9084,6.9476,0.579,,,,,,,,,,,,9.87E+11,,,,,
1918,2,1918Q2,,,,,,,,,,,,,,,,,,,,,,,
1918,3,1918Q3,0.0709,28.2322,46.2869,3.9079,6.956,0.5797,,,,,,,,,,,,,,,,,
1918,4,1918Q4,,,,,,,,,,,,,,,,,,,,,,,
1919,1,1919Q1,0.0702,28.2442,46.6592,3.9074,6.9646,0.5804,,,,,,,,,,,,9.86E+11,,,,,
1919,2,1919Q2,,,,,,,,,,,,,,,,,,,,,,,
1919,3,1919Q3,0.0696,28.2567,47.0462,3.9067,6.9733,0.5811,,,,,,,,,,,,,,,,,
1919,4,1919Q4,,,,,,,,,,,,,,,,,,,,,,,
1920,1,1920Q1,0.0691,28.2697,47.4478,3.906,6.9822,0.5819,,,,,,,,,,,,9.85E+11,,,,,
1920,2,1920Q2,,,,,,,,,,,,,,,,,,,,,,,
1920,3,1920Q3,0.0685,28.2831,47.864,3.9052,6.9913,0.5826,,,,,,,,,,,,,,,,,
1920,4,1920Q4,,,,,,,,,,,,,,,,,,,,,,,
1921,1,1921Q1,0.068,28.2971,48.2947,3.9043,7.0007,0.5834,,,,,,,,,,,,9.85E+11,,,,,
1921,2,1921Q2,,,,,,,,,,,,,,,,,,,,,,,
1921,3,1921Q3,0.0676,28.3115,48.7399,3.9033,7.0102,0.5842,,,,,,,,,,,,,,,,,
1921,4,1921Q4,,,,,,,,,,,,,,,,,,,,,,,
1922,1,1922Q1,0.0672,28.3264,49.1994,3.9023,7.0199,0.585,,,,,,,,,,,,9.84E+11,,,,,
1922,2,1922Q2,,,,,,,,,,,,,,,,,,,,,,,
1922,3,1922Q3,0.0668,28.3419,49.6733,3.9011,7.0298,0.5858,,,,,,,,,,,,,,,,,
1922,4,1922Q4,,,,,,,,,,,,,,,,,,,,,,,
1923,1,1923Q1,0.0665,28.3579,50.1615,3.8998,7.0399,0.5867,,,,,,,,,,,,9.83E+11,,,,,
1923,2,1923Q2,,,,,,,,,,,,,,,,,,,,,,,
1923,3,1923Q3,0.0662,28.3744,50.6639,3.8985,7.0503,0.5875,,,,,,,,,,,,,,,,,
1923,4,1923Q4,,,,,,,,,,,,,,,,,,,,,,,
1924,1,1924Q1,0.0659,28.3915,51.1804,3.897,7.0608,0.5884,,,,,,,,,,,,9.82E+11,,,,,
1924,2,1924Q2,,,,,,,,,,,,,,,,,,,,,,,
1924,3,1924Q3,0.0657,28.4091,51.7111,3.8955,7.0716,0.5893,,,,,,,,,,,,,,,,,
1924,4,1924Q4,,,,,,,,,,,,,,,,,,,,,,,
1925,1,1925Q1,0.0656,28.4273,52.2558,3.8938,7.0826,0.5902,,,,,,,,,,,,9.81E+11,,,,,
1925,2,1925Q2,,,,,,,,,,,,,,,,,,,,,,,
1925,3,1925Q3,0.0655,28.4461,52.8146,3.8921,7.0938,0.5912,,,,,,,,,,,,,,,,,
1925,4,1925Q4,,,,,,,,,,,,,,,,,,,,,,,
1926,1,1926Q1,0.0654,28.4654,53.3873,3.8903,7.1052,0.5921,,,,,,,,,,,,9.80E+11,,,,,
1926,2,1926Q2,,,,,,,,,,,,,,,,,,,,,,,
1926,3,1926Q3,0.0654,28.4854,53.9741,3.8883,7.1169,0.5931,,,,,,,,,,,,,,,,,
1926,4,1926Q4,,,,,,,,,,,,,,,,,,,,,,,
1927,1,1927Q1,0.0654,28.5059,54.5748,3.8862,7.1288,0.5941,,,,,,,,,,,,9.79E+11,,,,,
1927,2,1927Q2,,,,,,,,,,,,,,,,,,,,,,,
1927,3,1927Q3,0.0655,28.5271,55.1894,3.8841,7.141,0.5951,,,,,,,,,,,,,,,,,
1927,4,1927Q4,,,,,,,,,,,,,,,,,,,,,,,
1928,1,1928Q1,0.0656,28.5489,55.8179,3.8818,7.1533,0.5961,,,,,,,,,,,,9.78E+11,,,,,
1928,2,1928Q2,,,,,,,,,,,,,,,,,,,,,,,
1928,3,1928Q3,0.0658,28.5713,56.4603,3.8795,7.166,0.5972,,,,,,,,,,,,,,,,,
1928,4,1928Q4,,,,,,,,,,,,,,,,,,,,,,,
1929,1,1929Q1,0.066,28.5943,57.1166,3.877,7.1788,0.5982,,,,,,,,,,,,9.77E+11,,,,,
1929,2,1929Q2,,,,,,,,,,,,,,,,,,,,,,,
1929,3,1929Q3,0.0663,28.618,57.7869,3.8744,7.1919,0.5993,,,,,,,,,,,,,,,,,
1929,4,1929Q4,,,,,,,,,,,,,,,,,,,,,,,
1930,1,1930Q1,0.0666,28.6424,58.471,3.8718,7.2026,0.6002,,,,,,,,,,,,9.76E+11,,,,,
1930,2,1930Q2,,,,,,,,,,,,,,,,,,,,,,,
1930,3,1930Q3,0.0669,28.6674,59.169,3.869,7.2095,0.6008,,,,,,,,,,,,,,,,,
1930,4,1930Q4,,,,,,,,,,,,,,,,,,,,,,,
1931,1,1931Q1,0.0674,28.6931,59.881,3.8664,7.2164,0.6014,,,,,,,,,,,,9.75E+11,,,,,
1931,2,1931Q2,,,,,,,,,,,,,,,,,,,,,,,
1931,3,1931Q3,0.0678,28.7194,60.6069,3.8637,7.2236,0.602,,,,,,,,,,,,,,,,,
1931,4,1931Q4,,,,,,,,,,,,,,,,,,,,,,,
1932,1,1932Q1,0.0683,28.7465,61.3469,3.8611,7.2308,0.6026,,,,,,,,,,,,9.74E+11,,,,,
1932,2,1932Q2,,,,,,,,,,,,,,,,,,,,,,,
1932,3,1932Q3,0.0689,28.7742,62.1008,3.8584,7.2383,0.6032,,,,,,,,,,,,,,,,,
1932,4,1932Q4,,,,,,,,,,,,,,,,,,,,,,,
1933,1,1933Q1,0.0695,28.8027,62.8688,3.8556,7.2459,0.6038,,,,,,,,,,,,9.73E+11,,,,,
1933,2,1933Q2,,,,,,,,,,,,,,,,,,,,,,,
1933,3,1933Q3,0.0702,28.8319,63.6509,3.8529,7.2536,0.6045,,,,,,,,,,,,,,,,,
1933,4,1933Q4,,,,,,,,,,,,,,,,,,,,,,,
1934,1,1934Q1,0.0709,28.8618,64.4471,3.85,7.2615,0.6051,,,,,,,,,,,,9.72E+11,,,,,
1934,2,1934Q2,,,,,,,,,,,,,,,,,,,,,,,
1934,3,1934Q3,0.0717,28.8924,65.2575,3.8471,7.2696,0.6058,,,,,,,,,,,,,,,,,
1934,4,1934Q4,,,,,,,,,,,,,,,,,,,,,,,
1935,1,1935Q1,0.0725,28.9238,66.0822,3.8442,7.2778,0.6065,,,,,,,,,,,,9.71E+11,,,,,
1935,2,1935Q2,,,,,,,,,,,,,,,,,,,,,,,
1935,3,1935Q3,0.0734,28.9559,66.9213,3.8411,7.2862,0.6072,,,,,,,,,,,,,,,,,
1935,4,1935Q4,,,,,,,,,,,,,,,,,,,,,,,
1936,1,1936Q1,0.0743,28.9888,67.7747,3.838,7.2948,0.6079,,,,,,,,,,,,9.69E+11,,,,,
1936,2,1936Q2,,,,,,,,,,,,,,,,,,,,,,,
1936,3,1936Q3,0.0753,29.0225,68.6426,3.8348,7.3036,0.6086,,,,,,,,,,,,,,,,,
1936,4,1936Q4,,,,,,,,,,,,,,,,,,,,,,,
1937,1,1937Q1,0.0764,29.057,69.5251,3.8315,7.3125,0.6094,,,,,,,,,,,,9.67E+11,,,,,
1937,2,1937Q2,,,,,,,,,,,,,,,,,,,,,,,
1937,3,1937Q3,0.0775,29.0923,70.4223,3.8282,7.3216,0.6101,,,,,,,,,,,,,,,,,
1937,4,1937Q4,,,,,,,,,,,,,,,,,,,,,,,
1938,1,1938Q1,0.0786,29.1284,71.3342,3.8247,7.3309,0.6109,,,,,,,,,,,,9.66E+11,,,,,
1938,2,1938Q2,,,,,,,,,,,,,,,,,,,,,,,
1938,3,1938Q3,0.0799,29.1653,72.261,3.8212,7.3404,0.6117,,,,,,,,,,,,,,,,,
1938,4,1938Q4,,,,,,,,,,,,,,,,,,,,,,,
1939,1,1939Q1,0.0811,29.2031,73.2028,3.8175,7.3501,0.6125,,,,,,,,,,,,9.64E+11,,,,,
1939,2,1939Q2,,,,,,,,,,,,,,,,,,,,,,,
1939,3,1939Q3,0.0825,29.2417,74.1597,3.8138,7.6358,0.6363,,,,,,,,,,,,,,,,,
1939,4,1939Q4,,,,,,,,,,,,,,,,,,,,,,,
1940,1,1940Q1,0.0839,29.2812,75.1317,3.7996,7.9258,0.6605,,,,,,,,,,,,9.62E+11,,,,,
1940,2,1940Q2,,,,,,,,,,,,,,,,,,,,,,,
1940,3,1940Q3,0.0853,29.3216,76.1191,3.7769,7.938,0.6615,,,,,,,,,,,,,,,,,
1940,4,1940Q4,,,,,,,,,,,,,,,,,,,,,,,
1941,1,1941Q1,0.0869,29.3629,77.122,3.7578,7.9509,0.6626,,,,,,,,,,,,9.61E+11,,,,,
1941,2,1941Q2,,,,,,,,,,,,,,,,,,,,,,,
1941,3,1941Q3,0.0885,29.405,78.1404,3.7416,7.9644,0.6637,,,,,,,,,,,,,,,,,
1941,4,1941Q4,,,,,,,,,,,,,,,,,,,,,,,
1942,1,1942Q1,0.0902,29.4501,79.1745,3.7276,7.9781,0.6648,,,,,,,,,,,,9.59E+11,,,,,
1942,2,1942Q2,,,,,,,,,,,,,,,,,,,,,,,
1942,3,1942Q3,0.092,29.4996,80.2243,3.7154,7.9922,0.666,,,,,,,,,,,,,,,,,
1942,4,1942Q4,,,,,,,,,,,,,,,,,,,,,,,
1943,1,1943Q1,0.094,29.5548,81.2897,3.7046,8.0064,0.6672,,,,,,,,,,,,9.58E+11,,,,,
1943,2,1943Q2,,,,,,,,,,,,,,,,,,,,,,,
1943,3,1943Q3,0.0962,29.6165,82.3702,3.695,8.0209,0.6684,,,,,,,,,,,,,,,,,
1943,4,1943Q4,,,,,,,,,,,,,,,,,,,,,,,
1944,1,1944Q1,0.0986,29.6853,83.4657,3.6861,8.0356,0.6696,,,,,,,,,,,,9.57E+11,,,,,
1944,2,1944Q2,,,,,,,,,,,,,,,,,,,,,,,
1944,3,1944Q3,0.1013,29.7615,84.5756,3.678,8.0505,0.6709,,,,,,,,,,,,,,,,,
1944,4,1944Q4,,,,,,,,,,,,,,,,,,,,,,,
1945,1,1945Q1,0.1041,29.8455,85.6996,3.6703,8.0657,0.6721,,,,,,,,,,,,9.55E+11,,,,,
1945,2,1945Q2,,,,,,,,,,,,,,,,,,,,,,,
1945,3,1945Q3,0.1073,29.9372,86.8372,3.6631,8.0812,0.6734,,,,,,,,,,,,,,,,,
1945,4,1945Q4,,,,,,,,,,,,,,,,,,,,,,,
1946,1,1946Q1,0.1106,30.0366,87.9879,3.6562,8.0969,0.6747,,,,,,,,,,,,9.54E+11,,,,,
1946,2,1946Q2,,,,,,,,,,,,,,,,,,,,,,,
1946,3,1946Q3,0.1142,30.1434,89.1513,3.6495,8.1128,0.6761,,,,,,,,,,,,,,,,,
1946,4,1946Q4,,,,,,,,,,,,,,,,,,,,,,,
1947,1,1947Q1,0.1181,30.2574,90.3269,3.6429,8.129,0.6774,,,,,,,,,,,,9.53E+11,,,,,
1947,2,1947Q2,,,,,,,,,,,,,,,,,,,,,,,
1947,3,1947Q3,0.1222,30.3784,91.5143,3.6364,8.1455,0.6788,,,,,,,,,,,,,,,,,
1947,4,1947Q4,,,,,,,,,,,,,,,,,,,,,,,
1948,1,1948Q1,0.1265,30.5059,92.7131,3.63,8.1621,0.6802,,,,,,,,,,,,9.51E+11,,,,,
1948,2,1948Q2,,,,,,,,,,,,,,,,,,,,,,,
1948,3,1948Q3,0.1311,30.6396,93.9228,3.6236,8.1791,0.6816,,,,,,,,,,,,,,,,,
1948,4,1948Q4,,,,,,,,,,,,,,,,,,,,,,,
1949,1,1949Q1,0.1359,30.779,95.1431,3.6172,8.1963,0.683,,,,,,,,,,,,9.50E+11,,,,,
1949,2,1949Q2,,,,,,,,,,,,,,,,,,,,,,,
1949,3,1949Q3,0.1409,30.9238,96.3737,3.6109,8.2137,0.6845,,,,,,,,,,,,,,,,,
1949,4,1949Q4,,,,,,,,,,,,,,,,,,,,,,,
1950,1,1950Q1,0.1462,31.0735,97.6141,3.6046,8.2314,0.6859,2499322157,4.96,67166600,867688246.5,1242691279,260735064.5,128207567,9.16E+11,3.64E+11,0.12,6.41E+07,9.48E+11,4.64E+10,1076384067,46.5,1.26,370.1
1950,2,1950Q2,,,,,,,,4.96,,,,,,,,,,,,,,,
1950,3,1950Q3,0.1517,31.2277,98.8642,3.5982,8.2493,0.6874,,4.96,,,,,,,,,,,,,,,
1950,4,1950Q4,,,,,,,,4.96,,,,,,,,,,,,,,,
1951,1,1951Q1,0.1573,31.386,100.1236,3.5918,8.2676,0.689,2543130381,4.96,,887273376,1260787393,265408397.5,129661214,,,,,9.46E+11,,,47.1,7.88,
1951,2,1951Q2,,,,,,,,4.96,,,,,,,,,,,,,,,
1951,3,1951Q3,0.1632,31.5479,101.3921,3.5854,8.286,0.6905,,4.96,,,,,,,,,,,,,,,
1951,4,1951Q4,,,,,,,,4.96,,,,,,,,,,,,,,,
1952,1,1952Q1,0.1693,31.7131,102.6694,3.579,8.3048,0.6921,2590270899,4.96,,908814326.5,1279511386,270396233.5,131548953,,,,,9.44E+11,,,48.2,1.92,
1952,2,1952Q2,,,,,,,,4.96,,,,,,,,,,,,,,,
1952,3,1952Q3,0.1755,31.8813,103.9554,3.5725,8.3238,0.6936,,4.96,,,,,,,,,,,,,,,
1952,4,1952Q4,,,,,,,,4.96,,,,,,,,,,,,,,,
1953,1,1953Q1,0.182,32.052,105.2498,3.566,8.3431,0.6953,2640278797,4.96,,932586793.5,1298174821,275643803.5,133873379,,,,,9.42E+11,,,48.8,0.75,
1953,2,1953Q2,,,,,,,,4.96,,,,,,,,,,,,,,,
1953,3,1953Q3,0.1886,32.225,106.5526,3.5594,8.3627,0.6969,,4.96,,,,,,,,,,,,,,,
1953,4,1953Q4,,,,,,,,4.96,,,,,,,,,,,,,,,
1954,1,1954Q1,0.1954,32.4,107.8635,3.5528,8.3825,0.6985,2691979339,4.96,,958075901.5,1316401056,281176851.5,136325530,,,,,9.40E+11,,,49.6,0.75,
1954,2,1954Q2,,,,,,,,4.96,,,,,,,,,,,,,,,
1954,3,1954Q3,0.2023,32.5765,109.1825,3.5462,8.4013,0.7001,,4.96,,,,,,,,,,,,,,,
1954,4,1954Q4,,,,,,,,4.96,,,,,,,,,,,,,,,
1955,1,1955Q1,0.2094,32.7545,110.5095,3.5395,8.4116,0.701,2746072141,4.96,,985901555,1334167384,287288485.5,138714716.5,,,,,9.37E+11,,,50.1,-0.37,
1955,2,1955Q2,,,,,,,,4.96,,,,,,,,,,,,,,,
1955,3,1955Q3,0.2167,32.9336,111.8443,3.533,8.4223,0.7019,,4.96,,,,,,,,,,,,,,,
1955,4,1955Q4,,,,,,,,4.96,,,,,,,,,,,,,,,
1956,1,1956Q1,0.2242,33.1136,113.1869,3.5267,8.4333,0.7028,2801002631,4.89,,1014435990,1351788471,293755015.5,141023155,,,,,9.35E+11,,,50.6,1.49,
1956,2,1956Q2,,,,,,,,4.89,,,,,,,,,,,,,,,
1956,3,1956Q3,0.2318,33.2944,114.5372,3.5206,8.4444,0.7037,,4.89,,,,,,,,,,,,,,,
1956,4,1956Q4,,,,,,,,4.89,,,,,,,,,,,,,,,
1957,1,1957Q1,0.2395,33.4757,115.8953,3.5145,8.4557,0.7046,2857866857,4.89,,1045192636,1368956736,300348230.5,143369255,,,,,9.33E+11,,,50.9,3.31,
1957,2,1957Q2,,,,,,,,4.89,,,,,,,,,,,,,,,
1957,3,1957Q3,0.2474,33.6574,117.261,3.5085,8.4672,0.7056,,4.89,,,,,,,,,,,,,,,
1957,4,1957Q4,,,,,,,,4.89,,,,,,,,,,,,,,,
1958,1,1958Q1,0.2555,33.8393,118.6343,3.5025,8.4788,0.7066,2916108097,4.89,,1076853307,1385828602,307311811,146114378,,,,83664000,9.31E+11,,,51.5,2.85,
1958,2,1958Q2,,,,,,,,4.89,,,,,,,,,86416000,,,,,,
1958,3,1958Q3,0.2637,34.0214,120.0153,3.4965,8.4906,0.7075,,4.89,,,,,,,,,90304000,,,,,,
1958,4,1958Q4,,,,,,,,4.89,,,,,,,,,88064000,,,,,,
1959,1,1959Q1,0.272,34.2036,121.4039,3.4905,8.5027,0.7086,2970292188,4.89,,1104641533,1402538500,314112014,149000141,,,,89264000,9.29E+11,,,49.3,0.69,
1959,2,1959Q2,,,,,,,,4.89,,,,,,,,,89488000,,,,,,
1959,3,1959Q3,0.2805,34.3857,122.8003,3.4844,8.515,0.7096,,4.89,,,,,,,,,92240000,,,,,,
1959,4,1959Q4,,,,,,,,4.89,,,,,,,,,93376000,,,,,,
1960,1,1960Q1,0.2891,34.5678,124.2043,3.4783,8.5275,0.7106,3019233434,4.7,52303307.75,1128260584,1419053500,320336859,151582492,1.19E+12,,,92864000,9.27E+11,,,47.7,1.72,459.2588773
1960,2,1960Q2,,,,,,,,,,,,,,,,,96624000,,,,,,
1960,3,1960Q3,0.2978,34.7497,125.6162,3.4721,8.5403,0.7117,,,,,,,,,,,97264000,,,,,,
1960,4,1960Q4,,,,,,,,,,,,,,,,,95472000,,,,,,
1961,1,1961Q1,0.3067,34.9314,127.0359,3.4659,8.5534,0.7128,3068370610,4.58,44846836.42,1149243961,1438218458,326399708,154508483,1.24E+12,,,96320000,9.24E+11,,1271872800,50.4,1.01,471.4781813
1961,2,1961Q2,,,,,,,,,,,,,,,,,98480000,,,,,,
1961,3,1961Q3,0.3157,35.1129,128.4637,3.4595,8.5667,0.7139,,,,,,,,,,,100544000,,,,,,
1961,4,1961Q4,,,,,,,,,,,,,,,,,100960000,,,,,,
1962,1,1962Q1,0.3249,35.2942,129.8994,3.4531,8.5803,0.715,3126686743,5.04,42611847.76,1174248916,1461556639,332843094,158038094,1.27E+12,,,101152000,9.22E+11,,1273620607,53.1,2.654867257,495.8671737
1962,2,1962Q2,,,,,,,,,,,,,,,,,102224000,,,,,,
1962,3,1962Q3,0.3341,35.4753,131.3434,3.4465,8.5941,0.7162,,,,,,,,,,,105232000,,,,,,
1962,4,1962Q4,,,,,,,,,,,,,,,,,103200000,,,,,,
1963,1,1963Q1,0.3435,35.6562,132.7956,3.4399,8.6068,0.7172,3195779247,5.33,43015683.34,1207051237,1487221648,339560786.5,161945576,1.32E+12,,,103536000,9.19E+11,,1280942400,53.6,0.689655172,523.4399506
1963,2,1963Q2,,,,,,,,,,,,,,,,,106832000,,,,,,
1963,3,1963Q3,0.353,35.837,134.2563,3.433,8.6184,0.7182,,,,,,,,,,,105984000,,,,,,
1963,4,1963Q4,,,,,,,,,,,,,,,,,105792000,,,,,,
1964,1,1964Q1,0.3627,36.0175,135.7255,3.4259,8.63,0.7192,3267212338,5.15,44145909.35,1239842977,1514923302,346326853,166119206.5,1.36E+12,,,107712000,9.17E+11,,1282643909,54.2,5.308219178,561.3486934
1964,2,1964Q2,,,,,,,,,,,,,,,,,108160000,,,,,,
1964,3,1964Q3,0.3724,36.198,137.2034,3.4185,8.6419,0.7202,,,,,,,,,,,109488000,,,,,,
1964,4,1964Q4,,,,,,,,,,,,,,,,,108768000,,,,,,
1965,1,1965Q1,0.3823,36.3784,138.6901,3.4109,8.6539,0.7212,3337111983,5.1,44489432.06,1268848244,1545548584,352107995,170607160.5,1.40E+12,,,108480000,9.13E+11,,1287440869,53.9,2.113821138,599.0774197
1965,2,1965Q2,,,,,,,,,,,,,,,,,108448000,,,,,,
1965,3,1965Q3,0.3923,36.5588,140.1858,3.4033,8.6659,0.7222,,,,,,,,,,,112688000,,,,,,
1965,4,1965Q4,,,,,,,,,,,,,,,,,112544000,,,,,,
1966,1,1966Q1,0.4025,36.7393,141.6906,3.3956,8.6765,0.723,3406417036,4.98,44008208.67,1295492225,1579210615,356349061.5,175365135,1.43E+12,,,114608000,9.10E+11,,1286294759,54.5,2.866242038,636.7087775
1966,2,1966Q2,,,,,,,,,,,,,,,,,116976000,,,,,,
1966,3,1966Q3,0.4127,36.9198,143.2046,3.388,8.6873,0.7239,,,,,,,,,,,118288000,,,,,,
1966,4,1966Q4,,,,,,,,,,,,,,,,,117888000,,,,,,
1967,1,1967Q1,0.4231,37.1004,144.728,3.3803,8.6982,0.7249,3475448166,4.87,44022220.62,1319269404,1616099198,359675994.5,180403570,1.46E+12,,,119808000,9.07E+11,,1287328452,54.9,-0.515995872,663.8482246
1967,2,1967Q2,,,,,,,,,,,,,,,,,120112000,,,,,,
1967,3,1967Q3,0.4336,37.2812,146.2609,3.3728,8.7079,0.7257,,,,,,,,,,,120448000,,,,,,
1967,4,1967Q4,,,,,,,,,,,,,,,,,122992000,,,,,,
1968,1,1968Q1,0.4443,37.4621,147.8035,3.3646,8.7177,0.7265,3546810808,4.99,44068607.3,1343594787,1654908333,362741210.5,185566477.5,1.50E+12,,,122560000,9.04E+11,,1298195377,55.5,1.711618257,701.9869701
1968,2,1968Q2,,,,,,,,,,,,,,,,,123984000,,,,,,
1968,3,1968Q3,0.4551,37.6431,149.3557,3.3561,8.728,0.7273,,,,,,,,,,,126736000,,,,,,
1968,4,1968Q4,,,,,,,,,,,,,,,,,126832000,,,,,,
1969,1,1969Q1,0.466,37.8242,150.9177,3.3473,8.7387,0.7282,3620655275,4.89,44438063.36,1369027033,1694317544,366613277,190697422,1.56E+12,,,129680000,9.00E+11,,1310845278,55.8,4.13054564,758.3466827
1969,2,1969Q2,,,,,,,,,,,,,,,,,131616000,,,,,,
1969,3,1969Q3,0.4771,38.0055,152.4897,3.3385,8.7496,0.7291,,,,,,,,,,,135216000,,,,,,
1969,4,1969Q4,,,,,,,,,,,,,,,,,133728000,,,,,,
1970,1,1970Q1,0.4884,38.1868,154.0716,3.3296,8.7607,0.7301,3695390336,4.85,44822441.78,1393261697,1734383667,371736719,196008254,1.57E+12,,,135968000,8.96E+11,7.43E+11,1305337025,56.1,2.742409403,812.1872831
1970,2,1970Q2,,,,,,,,,,,,,,,,,136576000,,,,,,
1970,3,1970Q3,0.4998,38.3682,155.6634,3.3207,8.7721,0.731,,,,,,,,,,,138752000,,,,,,
1970,4,1970Q4,,,,,,,,,,,,,,,,,139296000,,,,,,
1971,1,1971Q1,0.5113,38.5496,157.2653,3.3119,8.7836,0.732,3770163092,4.7,46221854.3,1417150379,1773900821,377582601,201529291.5,1.60E+12,,,139232000,8.92E+11,8.38E+11,1299657304,55.9,4.766444233,878.6496116
1971,2,1971Q2,,,,,,,,,,,,,,,,,138784000,,,,,,
1971,3,1971Q3,0.523,38.7309,158.8771,3.3029,8.7954,0.733,,,,,,,,,,,142016000,,,,,,
1971,4,1971Q4,,,,,,,,,,,,,,,,,142816000,,,,,,
1972,1,1972Q1,0.5349,38.9122,160.4988,3.2938,8.8074,0.7339,3844800885,4.56,45219137.01,1439367851,1814403929,383674479,207354626.5,1.65E+12,,,142560000,8.88E+11,1.01E+12,1300265894,57.1,7.506824386,993.0904907
1972,2,1972Q2,,,,,,,,,,,,,,,,,144496000,,,,,,
1972,3,1972Q3,0.5469,39.0934,162.1305,3.2847,8.8161,0.7347,,,,,,,,,,,147040000,,,,,,
1972,4,1972Q4,,,,,,,,,,,,,,,,,150624000,,,,,,
1973,1,1973Q1,0.5591,39.2746,163.772,3.2757,8.8235,0.7353,3920251504,4.43,44978727.26,1461062749,1855155034,390524010.5,213509710.5,1.68E+12,,,152608000,8.84E+11,1.26E+12,1306041877,57.6,11.764243,1187.971365
1973,2,1973Q2,,,,,,,,,,,,,,,,,155936000,,,,,,
1973,3,1973Q3,0.5715,39.4557,165.4233,3.2668,8.8309,0.7359,,,,,,,,,,,160528000,,,,,,
1973,4,1973Q4,,,,,,,,,,,,,,,,,158240000,,,,,,
1974,1,1974Q1,0.5841,39.6366,167.0842,3.2581,8.8385,0.7365,3995517077,4.27,45496579.14,1484271365,1893343196,397899571.5,220002945,1.72E+12,,,157616000,8.80E+11,1.42E+12,1303354180,58,24.98767866,1343.2464
1974,2,1974Q2,,,,,,,,,,,,,,,,,158752000,,,,,,
1974,3,1974Q3,0.5969,39.8175,168.7547,3.2494,8.8461,0.7372,,,,,,,,,,,160304000,,,,,,
1974,4,1974Q4,,,,,,,,,,,,,,,,,160912000,,,,,,
1975,1,1975Q1,0.6099,39.9983,170.4346,3.2408,8.854,0.7378,4069437231,4.08,46028251.16,1506827404,1930344137,405585683.5,226680006,1.75E+12,,,161696000,8.76E+11,1.56E+12,1301762872,58.3,8.787742226,1468.977377
1975,2,1975Q2,,,,,,,,,,,,,,,,,162432000,,,,,,
1975,3,1975Q3,0.6231,40.179,172.1238,3.2323,8.8619,0.7385,,,,,,,,,,,164896000,,,,,,
1975,4,1975Q4,,,,,,,,,,,,,,,,,166304000,,,,,,
1976,1,1976Q1,0.6366,40.3595,173.8222,3.2238,8.87,0.7392,4142505883,3.98,46203478.95,1528235958,1967051517,413838872.5,233379536,1.80E+12,,,167344000,8.71E+11,1.69E+12,1307087508,58.7,4.903686827,1568.68453
1976,2,1976Q2,,,,,,,,,,,,,,,,,167152000,,,,,,
1976,3,1976Q3,0.6502,40.5397,175.5295,3.2154,8.8781,0.7398,,,,,,,,,,,168592000,,,,,,
1976,4,1976Q4,,,,,,,,,,,,,,,,,169472000,,,,,,
1977,1,1977Q1,0.6641,40.7196,177.2456,3.207,8.8865,0.7405,4215772490,3.85,45481678.66,1544625204,2008379136,422482412.5,240285738,1.88E+12,,,172400000,8.67E+11,1.94E+12,1306374484,59.4,14.61079027,1743.569125
1977,2,1977Q2,,,,,,,,,,,,,,,,,176512000,,,,,,
1977,3,1977Q3,0.6782,40.8991,178.9704,3.1986,8.895,0.7412,,,,,,,,,,,178048000,,,,,,
1977,4,1977Q4,,,,,,,,,,,,,,,,,180432000,,,,,,
1978,1,1978Q1,0.6925,41.0781,180.7038,3.1902,8.9036,0.742,4289657708,3.78,45252017.95,1553108822,2057593869,431615950.5,247339067.5,1.91E+12,,,181776000,8.62E+11,2.34E+12,1314518300,59.7,2.058658857,2017.880303
1978,2,1978Q2,,,,,,,,,,,,,,,,,183584000,,,,,,
1978,3,1978Q3,0.707,41.2565,182.4455,3.1819,8.9123,0.7427,,,,,,,,,,,185648000,,,,,,
1978,4,1978Q4,,,,,,,,,,,,,,,,,186528000,,,,,,
1979,1,1979Q1,0.7218,41.4343,184.1954,3.1735,8.9211,0.7434,4365582871,3.76,45323204.53,1561554357,2108594301,441144118,254290095,1.96E+12,,,188448000,8.58E+11,2.71E+12,1317954633,60.2,11.119551,2302.921454
1979,2,1979Q2,,,,,,,,,,,,,,,,,189088000,,,,,,
1979,3,1979Q3,0.7369,41.6113,185.9534,3.1652,8.9301,0.7442,,,,,,,,,,,192128000,,,,,,
1979,4,1979Q4,,,,,,,,,,,,,,,,,195184000,,,,,,
1980,1,1980Q1,0.7522,41.7876,187.7194,3.1568,8.9391,0.7449,4444007706,3.74,45973184.37,1573398833,2158951486,451299004,260358383,2.00E+12,,,197584000,8.53E+11,3.02E+12,1321658954,60.6,33.0472429,2551.883522
1980,2,1980Q2,,,,,,,,,,,,,,,,,199296000,,,,,,
1980,3,1980Q3,0.7677,41.9629,189.4933,3.1485,8.9482,0.7457,,,,,,,,,,,201616000,,,,,,
1980,4,1980Q4,,,,,,,,,,,,,,,,,203392000,,,,,,
1981,1,1981Q1,0.7835,42.1374,191.2748,3.1401,8.9575,0.7465,4524627659,3.71,46110088.69,1587463697,2209819711,462118242.5,265226008.5,2.06E+12,,,205568000,8.48E+11,3.07E+12,1321134359,61,20.50662445,2594.033765
1981,2,1981Q2,,,,,,,,,,,,,,,,,206416000,,,,,,
1981,3,1981Q3,0.7995,42.3109,193.0641,3.1318,8.9668,0.7472,,,,,,,,,,,206336000,,,,,,
1981,4,1981Q4,,,,,,,,,,,,,,,,,209584000,,,,,,
1982,1,1982Q1,0.8158,42.4834,194.8608,3.1234,8.9762,0.748,4607984871,3.73,46565650.45,1604864649,2260246685,473352960.5,269520576.5,2.14E+12,,,211888000,8.44E+11,2.93E+12,1331412321,61.4,18.29622459,2522.347628
1982,2,1982Q2,,,,,,,,,,,,,,,,,213472000,,,,,,
1982,3,1982Q3,0.8323,42.6549,196.6651,3.115,8.9857,0.7488,,,,,,,,,,,214096000,,,,,,
1982,4,1982Q4,,,,,,,,,,,,,,,,,214512000,,,,,,
1983,1,1983Q1,0.8491,42.8253,198.4767,3.1066,8.9953,0.7496,4691884238,3.6,47623828.23,1621005307,2312364822,484813969.5,273700140.5,2.18E+12,,,215760000,8.39E+11,2.91E+12,1336080394,61.6,16.46013561,2527.259811
1983,2,1983Q2,,,,,,,,,,,,,,,,,220848000,,,,,,
1983,3,1983Q3,0.8661,42.9946,200.2956,3.0988,9.004,0.7503,,,,,,,,,,,224064000,,,,,,
1983,4,1983Q4,,,,,,,,,,,,,,,,,225440000,,,,,,
1984,1,1984Q1,0.8835,43.1629,202.1219,3.0947,9.0119,0.751,4775836074,3.57,47868228.32,1635086458,2366543058,495581164,278625395,2.22E+12,,,227152000,8.35E+11,2.99E+12,1354638717,61.9,11.86006826,2574.434314
1984,2,1984Q2,,,,,,,,,,,,,,,,,228912000,,,,,,
1984,3,1984Q3,0.9011,43.3301,203.9553,3.0905,9.0198,0.7517,,,,,,,,,,,230240000,,,,,,
1984,4,1984Q4,,,,,,,,,,,,,,,,,232768000,,,,,,
1985,1,1985Q1,0.9189,43.4963,205.7959,3.0864,9.0278,0.7523,4861730613,3.53,48106774.53,1650141926,2421294637,505474915.5,284819135,2.27E+12,,,235312000,8.32E+11,3.12E+12,1368851417,62.2,9.090501189,2651.897592
1985,2,1985Q2,,,,,,,,,,,,,,,,,235888000,,,,,,
1985,3,1985Q3,0.937,43.6614,207.6437,3.0823,9.0359,0.753,,,,,,,,,,,237184000,,,,,,
1985,4,1985Q4,,,,,,,,,,,,,,,,,239136000,,,,,,
1986,1,1986Q1,0.9554,43.8254,209.4986,3.0782,9.0441,0.7537,4950063340,3.52,48037665.9,1666709177,2476169377,515396534.5,291788251.5,2.32E+12,,,239568000,8.28E+11,3.72E+12,1373748182,62.8,5.733558179,3080.922818
1986,2,1986Q2,,,,,,,,,,,,,,,,,242096000,,,,,,
1986,3,1986Q3,0.9741,43.9885,211.3605,3.0742,9.0524,0.7544,,,,,,,,,,,244096000,,,,,,
1986,4,1986Q4,,,,,,,,,,,,,,,,,245888000,,,,,,
1987,1,1987Q1,0.9931,44.1506,213.2296,3.0701,9.0607,0.7551,5040984495,3.49,48101641.13,1686010439,2530139674,525708887.5,299125494.5,2.38E+12,1.25E+12,,246864000,8.24E+11,4.27E+12,1373979315,63.2,4.566849496,3445.239237
1987,2,1987Q2,,,,,,,,,,,,,,,,,249952000,,,,,,
1987,3,1987Q3,1.0123,44.3117,215.1057,3.066,9.0692,0.7558,,,,,,,,,,,252816000,,,,,,
1987,4,1987Q4,,,,,,,,,,,,,,,,,254800000,,,,,,
1988,1,1988Q1,1.0318,44.4719,216.9888,3.062,9.0777,0.7565,5132293974,3.4,48716153.26,1705956124,2583650698,535604746,307082406,2.43E+12,1.32E+12,,258352000,8.20E+11,4.88E+12,1371587128,63.3,8.507868011,3782.383721
1988,2,1988Q2,,,,,,,,,,,,,,,,,260480000,,,,,,
1988,3,1988Q3,1.0515,44.6312,218.8789,3.058,9.0863,0.7572,,,,,,,,,,,264544000,,,,,,
1988,4,1988Q4,,,,,,,,,,,,,,,,,266672000,,,,,,
1989,1,1989Q1,1.0715,44.7897,220.7759,3.0539,9.0949,0.7579,5223704308,3.35,48377000.3,1726551428,2636829844,544714324,315608712.5,2.46E+12,1.40E+12,,267648000,8.15E+11,5.16E+12,1371001440,63.8,6.462561711,3882.103798
1989,2,1989Q2,,,,,,,,,,,,,,,,,268656000,,,,,,
1989,3,1989Q3,1.0918,44.9474,222.68,3.0499,9.1037,0.7586,,,,,,,,,,,270688000,,,,,,
1989,4,1989Q4,,,,,,,,,,,,,,,,,272144000,,,,,,
1990,1,1990Q1,1.1123,45.1043,224.5909,3.0459,9.1125,0.7594,5316175862,3.31,49013210.87,1749211768,2689043746,553523861.5,324396486.5,2.49E+12,1.45E+12,,274272000,8.11E+11,5.71E+12,1370363053,64,15.23846327,4304.086362
1990,2,1990Q2,,,,,,,,,,,,,,,,,273616000,,,,,,
1990,3,1990Q3,1.1331,45.2606,226.5088,3.0419,9.1214,0.7601,,,,,,,,,,,276176000,,,,,,
1990,4,1990Q4,,,,,,,,,,,,,,,,,279008000,,,,,,
1991,1,1991Q1,1.1542,45.4162,228.4337,3.0378,9.1304,0.7609,5406245868,3.12,49656201.01,1770592021,2740151870,562042518.5,333459458.5,2.54E+12,1.43E+12,,279680000,8.06E+11,5.82E+12,1372874276,64.1,-1.819197988,4414.827055
1991,2,1991Q2,,,,,,,,,,,,,,,,,283376000,,,,,,
1991,3,1991Q3,1.1755,45.5713,230.3654,3.0338,9.1395,0.7616,,,,,,,,,,,281504000,,,,,,
1991,4,1991Q4,,,,,,,,,,,,,,,,,282528000,,,,,,
1992,1,1992Q1,1.197,45.7258,232.3041,3.0298,9.1487,0.7624,5492686093,3.04,49985756.6,1789770179,2790422963,569555434.5,342937516.5,2.59E+12,1.41E+12,,285024000,8.02E+11,6.12E+12,1367873659,64.3,9.031137929,4645.154492
1992,2,1992Q2,,,,,,,,,,,,,,,,,286560000,,,,,,
1992,3,1992Q3,1.2188,45.8798,234.2497,3.0258,9.158,0.7632,,,,,,,,,,,285776000,,,,,,
1992,4,1992Q4,,,,,,,,,,,,,,,,,285920000,,,,,,
1993,1,1993Q1,1.2409,46.0334,236.2024,3.0218,9.1674,0.764,5577433523,2.97,50790544.91,1807894117,2840723462,575997846.5,352818097.5,2.65E+12,1.39E+12,,287168000,7.98E+11,6.14E+12,1365746441,64.4,1.715091237,4647.739027
1993,2,1993Q2,,,,,,,,,,,,,,,,,288144000,,,,,,
1993,3,1993Q3,1.2632,46.1866,238.162,3.0179,9.1769,0.7647,,,,,,,,,,,289312000,,,,,,
1993,4,1993Q4,,,,,,,,,,,,,,,,,291488000,,,,,,
1994,1,1994Q1,1.2858,46.3396,240.1287,3.0139,9.1865,0.7655,5660727993,2.92,51363575.23,1822604326,2893093954,582188894,362840820,2.71E+12,1.44E+12,,294192000,7.94E+11,6.62E+12,1361923004,64.5,12.08038189,4940.824175
1994,2,1994Q2,,,,,,,,,,,,,,,,,295600000,,,,,,
1994,3,1994Q3,1.3086,46.4923,242.1025,3.01,9.1957,0.7663,,,,,,,,,,,298400000,,,,,,
1994,4,1994Q4,,,,,,,,,,,,,,,,,301424000,,,,,,
1995,1,1995Q1,1.3317,46.6448,244.0835,3.0059,9.2054,0.7671,5743219454,2.86,51462990.92,1833902408,2947673354,588695789,372947903.5,2.76E+12,1.49E+12,,303136000,7.90E+11,7.39E+12,1361115804,64.9,-2.903528657,5421.595373
1995,2,1995Q2,,,,,,,,,,,,,,,,,306336000,,,,,,
1995,3,1995Q3,1.355,46.7971,246.0717,3.0019,9.2154,0.7679,,,,,,,,,,,308384000,,,,,,
1995,4,1995Q4,,,,,,,,,,,,,,,,,310304000,,,,,,
1996,1,1996Q1,1.3786,46.9494,248.0672,2.9978,9.2256,0.7688,5825145298,2.81,51635751.44,1842741372,3001739476,597751581.5,382912869,2.82E+12,1.59E+12,,313744000,7.86E+11,7.57E+12,1360029424,65.1,5.37461972,5461.773588
1996,2,1996Q2,,,,,,,,,,,,,,,,,313664000,,,,,,
1996,3,1996Q3,1.4024,47.1017,250.07,2.9939,9.236,0.7697,,,,,,,,,,,317200000,,,,,,
1996,4,1996Q4,,,,,,,,,,,,,,,,,317648000,,,,,,
1997,1,1997Q1,1.4266,47.254,252.0804,2.9899,9.2467,0.7706,5906481261,2.77,51627319.59,1848362224,3055009808,610336173,392773057,2.87E+12,1.66E+12,,317520000,7.81E+11,7.45E+12,1363493824,65.5,6.861823553,5364.200785
1997,2,1997Q2,,,,,,,,,,,,,,,,,320400000,,,,,,
1997,3,1997Q3,1.451,47.4064,254.0982,2.986,9.2575,0.7715,,,,,,,,,,,320880000,,,,,,
1997,4,1997Q4,,,,,,,,,,,,,,,,,325232000,,,,,,
1998,1,1998Q1,1.4757,47.559,256.1237,2.9821,9.2685,0.7724,5987312480,2.74,52012991.89,1852400551,3107251540,624856843,402803546,2.93E+12,1.71E+12,,328336000,7.76E+11,7.40E+12,1362319584,65.7,2.218834688,5275.568758
1998,2,1998Q2,,,,,,,,,,,,,,,,,334080000,,,,,,
1998,3,1998Q3,1.5008,47.7117,258.157,2.9782,9.2797,0.7733,,,,,,,,,,,338384000,,,,,,
1998,4,1998Q4,,,,,,,,,,,,,,,,,340112000,,,,,,
1999,1,1999Q1,1.5263,47.8648,260.1981,2.9743,9.291,0.7742,6067758458,2.71,52046577.67,1855919187,3157786326,641199571.5,412853373.5,2.98E+12,1.78E+12,,342128000,7.71E+11,7.72E+12,1363555284,66.1,0.265120133,5401.497858
1999,2,1999Q2,,,,,,,,,,,,,,,,,342768000,,,,,,
1999,3,1999Q3,1.5522,48.0181,262.2472,2.9703,9.3025,0.7752,,,,,,,,,,,343744000,,,,,,
1999,4,1999Q4,,,,,,,,,,,,,,,,,344944000,,,,,,
2000,1,2000Q1,1.5785,48.1718,264.3044,2.9661,9.3141,0.7762,6148898975,2.72,52187627.34,1858320182,3208004472,659317700,423256621.5,3.02E+12,1.88E+12,0.124835484,346352000,7.66E+11,8.04E+12,1359172494,66.5,0.96678235,5507.448927
2000,2,2000Q2,,,,,,,,,,,,,,,,,347152000,,,,,,
2000,3,2000Q3,1.6053,48.326,266.3699,2.9619,9.3259,0.7772,,,,,,,,,,,349904000,,,,,,
2000,4,2000Q4,,,,,,,,,,,,,,,,,352576000,,,,,,
2001,1,2001Q1,1.6325,48.4806,268.4437,2.9576,9.3378,0.7782,6230746983,2.68,52418298.98,1859114104,3258608669,678619163.5,434405046,3.06E+12,1.88E+12,0.130466103,354576000,7.61E+11,7.84E+12,1357068168,66.8,3.838284639,5400.263499
2001,2,2001Q2,,,,,,,,,,,,,,,,,355632000,,,,,,
2001,3,2001Q3,1.6603,48.6358,270.5262,2.9532,9.3499,0.7792,,,,,,,,,,,356928000,,,,,,
2001,4,2001Q4,,,,,,,,,,,,,,,,,359776000,,,,,,
2002,1,2002Q1,1.6886,48.7916,272.6173,2.9488,9.3622,0.7802,6312407360,2.65,52786759.58,1858105782,3308778724,699557397.5,445965457,3.11E+12,1.88E+12,0.132468934,362528000,7.56E+11,7.91E+12,1353716793,67.1,8.050314465,5535.408911
2002,2,2002Q2,,,,,,,,,,,,,,,,,364768000,,,,,,
2002,3,2002Q3,1.7175,48.9481,274.7172,2.9443,9.3745,0.7812,,,,,,,,,,,368912000,,,,,,
2002,4,2002Q4,,,,,,,,,,,,,,,,,371680000,,,,,,
2003,1,2003Q1,1.747,49.1053,276.8261,2.9398,9.3871,0.7823,6393898365,2.63,53077490.93,1857016427,3357615549,721761341,457505048,3.16E+12,1.95E+12,0.136341325,374016000,7.50E+11,8.90E+12,1359704797,67.5,0.115830116,6127.699308
2003,2,2003Q2,,,,,,,,,,,,,,,,,377888000,,,,,,
2003,3,2003Q3,1.7772,49.2633,278.9441,2.9353,9.3997,0.7833,,,,,,,,,,,381264000,,,,,,
2003,4,2003Q4,,,,,,,,,,,,,,,,,383312000,,,,,,
2004,1,2004Q1,1.808,49.4221,281.0713,2.9307,9.4125,0.7844,6475751478,2.62,53060456.4,1856051086,3405372859,745428042,468899491.5,3.22E+12,2.06E+12,0.133624371,384880000,7.44E+11,1.02E+13,1363102852,67.8,16.31315079,6818.898432
2004,2,2004Q2,,,,,,,,,,,,,,,,,387248000,,,,,,
2004,3,2004Q3,1.8395,49.5818,283.2079,2.9261,9.4254,0.7855,,,,,,,,,,,386912000,,,,,,
2004,4,2004Q4,,,,,,,,,,,,,,,,,390352000,,,,,,
2005,1,2005Q1,1.8717,49.7425,285.3539,2.9214,9.4372,0.7864,6558176119,2.6,53419834.46,1854493427,3452604268,770748302,480330122.5,3.28E+12,2.18E+12,0.133232845,393472000,7.37E+11,1.13E+13,1365371866,68.2,1.856763926,7292.452713
2005,2,2005Q2,,,,,,,,,,,,,,,,,397440000,,,,,,
2005,3,2005Q3,1.9046,49.9042,287.5094,2.9169,9.4474,0.7873,,,,,,,,,,,400304000,,,,,,
2005,4,2005Q4,,,,,,,,,,,,,,,,,402048000,,,,,,
2006,1,2006Q1,1.9383,50.0671,289.6746,2.895,9.4578,0.7882,6641416218,2.6,53561340.35,1855443092,3497855658,796346932.5,491770536,3.36E+12,2.30E+12,0.132398688,405168000,7.30E+11,1.24E+13,1360414171,68.7,3.700086806,7804.160506
2006,2,2006Q2,,,,,,,,,,,,,,,,,408160000,,,,,,
2006,3,2006Q3,1.9729,50.231,291.8494,2.8698,9.4683,0.789,,,,,,,,,,,409152000,,,,,,
2006,4,2006Q4,,,,,,,,,,,,,,,,,411232000,,,,,,
2007,1,2007Q1,2.0082,50.3962,294.0341,2.8485,9.4786,0.7899,6725948545,2.59,53986926.84,1860797982,3539016730,823495311,502638522.5,3.42E+12,2.41E+12,0.131345814,413232000,7.23E+11,1.41E+13,1359602675,69.1,5.577063932,8685.986961
2007,2,2007Q2,,,,,,,,,,,,,,,,,416912000,,,,,,
2007,3,2007Q3,2.0444,50.5627,296.2286,2.8299,9.4911,0.7909,,,,,,,,,,,418816000,,,,,,
2007,4,2007Q4,,,,,,,,,,,,,,,,,421904000,,,,,,
2008,1,2008Q1,2.0814,50.7305,298.4329,2.8135,9.504,0.792,6811597272,2.59,54653226.48,1869153495,3578051029,851399593,512993155.5,3.46E+12,2.43E+12,0.133019634,423136000,7.16E+11,1.56E+13,1359281490,69.3,11.56590684,9427.548057
2008,2,2008Q2,,,,,,,,,,,,,,,,,424128000,,,,,,
2008,3,2008Q3,2.1194,50.8997,300.6467,2.7986,9.5168,0.7931,,,,,,,,,,,428320000,,,,,,
2008,4,2008Q4,,,,,,,,,,,,,,,,,429952000,,,,,,
2009,1,2009Q1,2.1584,51.0704,302.8686,2.785,9.5294,0.7941,6898305908,2.58,54522734.09,1879595540,3617927860,877191108,523591400.5,3.54E+12,2.18E+12,0.142493275,432336000,7.09E+11,1.43E+13,1361439110,69.8,6.324953362,8830.730393
2009,2,2009Q2,,,,,,,,,,,,,,,,,433360000,,,,,,
2009,3,2009Q3,2.1985,51.2425,305.0972,2.7723,9.5419,0.7952,,,,,,,,,,,436768000,,,,,,
2009,4,2009Q4,,,,,,,,,,,,,,,,,437872000,,,,,,
2010,1,2010Q1,2.2398,51.4161,307.3308,2.7604,9.5544,0.7962,6985603105,2.55,54884202.27,1891103210,3658122753,901765612,534611530.5,3.61E+12,2.25E+12,0.13692991,443104000,7.01E+11,1.56E+13,1363504214,70.1,0.777007269,9556.544778
2010,2,2010Q2,,,,,,,,,,,,,,,,,446896000,,,,,,
2010,3,2010Q3,2.2823,51.5911,309.5674,2.749,9.5667,0.7972,,,,,,,,,,,447136000,,,,,,
2010,4,2010Q4,,,,,,,,,,,,,,,,,450416000,,,,,,
2011,1,2011Q1,2.3261,51.7676,311.8046,2.7381,9.5789,0.7982,7073125425,2.53,54917604.68,1903771655,3697350128,924521657,547481986,3.66E+12,2.34E+12,0.136206127,452128000,6.93E+11,1.77E+13,1372608269,70.5,5.235415915,10470.98778
2011,2,2011Q2,,,,,,,,,,,,,,,,,452336000,,,,,,
2011,3,2011Q3,2.3714,51.9455,314.0403,2.7275,9.591,0.7993,,,,,,,,,,,457424000,,,,,,
2011,4,2011Q4,,,,,,,,,,,,,,,,,459248000,,,,,,
2012,1,2012Q1,2.4181,52.1249,316.2721,2.7084,9.6031,0.8003,7161697921,2.55,55212458.26,1918554699,3731573634,948535333.5,563034255,3.72E+12,2.37E+12,0.135976222,461216000,6.84E+11,1.84E+13,1379781874,70.9,2.049018835,10572.95767
2012,2,2012Q2,,,,,,,,,,,,,,,,,464016000,,,,,,
2012,3,2012Q3,2.4663,52.3056,318.4974,2.6727,9.6151,0.8013,,,,,,,,,,,467568000,,,,,,
2012,4,2012Q4,,,,,,,,,,,,,,,,,470656000,,,,,,
2013,1,2013Q1,2.5162,52.4877,320.7138,2.6419,9.6265,0.8022,7250593370,2.51,55368087.06,1934434647,3757826869,978059128,580272727,,2.41E+12,0.137964482,475072000,6.75E+11,1.91E+13,1382845504,71.2,0.610085721,10735.12902
2013,2,2013Q2,,,,,,,,,,,,,,,,,476656000,,,,,,
2013,3,2013Q3,2.5676,52.6712,322.9189,2.6191,9.6376,0.8031,,,,,,,,,,,481008000,,,,,,
2013,4,2013Q4,,,,,,,,,,,,,,,,,482208000,,,,,,
2014,1,2014Q1,2.6206,52.8558,325.1102,2.6019,9.6484,0.804,7339013419,2.51,55476019.48,1950067723,3781925086,1007868877,599151734,,2.48E+12,0.138441185,484096000,6.66E+11,1.98E+13,1383765749,71.6,-0.406816088,10896.14503
2014,2,2014Q2,,,,,,,,,,,,,,,,,488464000,,,,,,
2014,3,2014Q3,2.6753,53.0417,327.285,2.5861,9.6588,0.8049,,,,,,,,,,,489648000,,,,,,
2014,4,2014Q4,,,,,,,,,,,,,,,,,492592000,,,,,,
2015,1,2015Q1,2.7317,53.2286,329.4399,2.5713,9.6689,0.8057,7426597537,2.48,56063141.63,1964306639,3807881396,1034688829,619720673.5,,2.54E+12,0.141219662,494256000,6.56E+11,1.88E+13,1383972350,71.8,0.724470135,10153.5813
2015,2,2015Q2,,,,,,,,,,,,,,,,,497296000,,,,,,
2015,3,2015Q3,2.7899,53.4165,331.571,2.5572,9.6785,0.8065,,,,,,,,,,,500128000,,,,,,
2015,4,2015Q4,,,,,,,,,,,,,,,,,505360000,,,,,,
2016,1,2016Q1,2.8499,53.6053,333.6742,2.5436,9.6877,0.8073,7513474238,2.48,56286797.5,1977517938,3834941229,1059379200,641635872.5,,2.59E+12,0.141146881,509424000,6.47E+11,1.90E+13,1385363925,72.1,1.304718693,10206.89228
2016,2,2016Q2,,,,,,,,,,,,,,,,,516432000,,,,,,
2016,3,2016Q3,2.9118,53.7948,335.7449,2.5305,9.6943,0.8079,,,,,,,,,,,516000000,,,,,,
2016,4,2016Q4,,,,,,,,,,,,,,,,,520480000,,,,,,
2017,1,2017Q1,2.9756,53.9848,337.7787,2.518,9.6988,0.8082,7599822404,2.46,56798056.94,1990610405,3862630510,1081538089,665043400,,2.68E+12,0.138497746,523040000,6.37E+11,2.04E+13,1391178515,72.3,1.749896775,10742.65046
2017,2,2017Q2,,,,,,,,,,,,,,,,,525472000,,,,,,
2017,3,2017Q3,3.0413,54.1752,339.7709,2.5059,9.7026,0.8085,,,,,,,,,,,528784000,,,,,,
2017,4,2017Q4,,,,,,,,,,,,,,,,,530080000,,,,,,
2018,1,2018Q1,3.1089,54.3658,341.7169,2.4563,9.6998,0.8083,7683789828,2.4,57376120.77,2001436595,3888408010,1104512369,689432855,,2.78E+12,0.139138112,531984000,6.26E+11,2.21E+13,1389750048,72.6,4.197458887,11285.49764
2018,2,2018Q2,,,,,,,,,,,,,,,,,533168000,,,,,,
2018,3,2018Q3,3.1784,54.5564,343.6122,2.3767,9.6899,0.8075,,,,,,,,,,,537712000,,,,,,
2018,4,2018Q4,,,,,,,,,,,,,,,,,542064000,,,,,,
2019,1,2019Q1,3.2498,54.7467,345.4521,2.3101,9.6768,0.8064,7764951033,2.36,57822822.25,2009205555,3912440638,1128652701,714652138.5,,2.85E+12,0.139255052,546176000,6.20E+11,2.26E+13,1387062349,72.8,0.98232657,11320.91588
2019,2,2019Q2,,,,,,,,,,,,,,,,,549024000,,,,,,
2019,3,2019Q3,3.3229,54.9367,347.2324,2.2538,9.6613,0.8051,,,,,,,,,,,552016000,,,,,,
2019,4,2019Q4,,,,,,,,,,,,,,,,,554176000,,,,,,
2020,1,2020Q1,3.3977,55.126,348.9488,2.2057,9.6452,0.8038,7840952880,2.3,62818919.44,2013738740,3936188839,1151547745,739477557.5,,2.71E+12,,558320000,,2.21E+13,1387172660,72,-1.568912477,10883.07605
2020,2,2020Q2,,,,,,,,,,,,,,,,,561408000,,,,,,
2020,3,2020Q3,3.4743,55.3144,350.5959,2.1644,9.6287,0.8024,,,,,,,,,,,564928000,,,,,,
2020,4,2020Q4,,,,,,,,,,,,,,,,,566288000,,,,,,
2021,1,2021Q1,3.5526,55.5016,352.1658,2.1288,9.6118,0.801,7909295152,,,2015023334,3959703825,1173295396,761272597,,2.89E+12,,569888000,,2.52E+13,,71,3.133204732,12236.61574
2021,2,2021Q2,,,,,,,,,,,,,,,,,572224000,,,,,,
2021,3,2021Q3,3.633,55.6872,353.6484,2.098,9.5945,0.7995,,,,,,,,,,,574240000,,,,,,
2021,4,2021Q4,,,,,,,,,,,,,,,,,577088000,,,,,,
